Workbook

Sheet DASHBOARD
C1: Total of hours | D1: % Positive Mock Tests | E1: Can I book my test?
C2: =SUM(B14:B17) -> 0 | D2: ='MOCK TESTS'!G1 -> #DIV/0! | E2: =if(D2>70%, "Yes", "Not yet") -> #DIV/0!
A5: Phase 01 - Preparation | B5: What you have to do | D5: English Levels
A6: Week 1 | B6: Watch the most important class of the course | D6: 90 hours: probably A1
B7: Watch the module 1 | D7: 180 hours: probably A2
A8: Week 2 | B8: Watch the module 2 | D8: 350 hours: probably B1
A9: Week 3 | B9: Watch the modules 3 and 4 | D9: 600 hours: probably B2
A10: Week 4 | B10: Watch the modules 5 and 6 | D10: 900 hours: probably C1
D11: above 1800 hours: probably C2
A13: Phase 02 - Execution | B13: Status | D13: Current level
A14: Listening | B14: =LISTENING!D2 -> 0 | D14: =IF(C2 = 0, "Not started", IF(C2 < 90, "Beginner", IF(AND(C2 >= 90, C2 <= 179.9), "A1", IF(AND(C2 >= 180, C2 <= 349.9), "A2", IF(AND(C2 >= 350, C2 <= 599.9), "B1", IF(AND(C2 >= 600, C2 <= 899.9), "B2", IF(AND(C2 >= 900, C2 <= 1799.9), "C1", IF(C2 > 1799.9, "C2", "") ))))))) -> Not started
A15: Reading | B15: =READING!D2 -> 0
A16: Writing | B16: =WRITING!D2 -> 0
A17: Speaking | B17: =SPEAKING!D2 -> 0
A20: Phase 03 - Final sprint | B20: Mock Tests done
A21: 90 days to the test | B21: ='MOCK TESTS'!F538 -> 0
A22: 45 days to the test | B22: ='MOCK TESTS'!F548 -> 0
A23: 21 days to the test | B23: ='MOCK TESTS'!F556 -> 0
A24: 15 days to the test | B24: ='MOCK TESTS'!F562 -> 0
A27: ATTENTION:
A28: To use the spreadsheet, you DO NOT need to request access.
A29: You must make your copy (File > Make a copy)
A30: or download it (File > Download).
A31: This spreadsheet was designed for students only
A32: and cannot be shared without previous written permission.

Sheet LISTENING
A1: LISTENING RECORDS | B1: What did you do your exposure with? | C1: Exposure (minutes) | D1: Total of hours
D2: =SUM(C4:C521)/60 -> 0
A4: Week 1
A5: Day 1 | B5: Click to select
A6: Day 2 | B6: Click to select
A7: Day 3 | B7: Click to select
A8: Day 4 | B8: Click to select
A9: Day 5 | B9: Click to select
A10: Day 6 | B10: Click to select
A11: Day 7 | B11: Click to select
A14: Week 2
A15: Day 8 | B15: Click to select
A16: Day 9 | B16: Click to select
A17: Day 10 | B17: Click to select
A18: Day 11 | B18: Click to select
A19: Day 12 | B19: Click to select
A20: Day 13 | B20: Click to select
A21: Day 14 | B21: Click to select
A24: Week 3
A25: Day 15 | B25: Click to select
A26: Day 16 | B26: Click to select
A27: Day 17 | B27: Click to select
A28: Day 18 | B28: Click to select
A29: Day 19 | B29: Click to select
A30: Day 20 | B30: Click to select
A31: Day 21 | B31: Click to select
A34: Week 4
A35: Day 22 | B35: Click to select
A36: Day 23 | B36: Click to select
A37: Day 24 | B37: Click to select
A38: Day 25 | B38: Click to select
A39: Day 26 | B39: Click to select
A40: Day 27 | B40: Click to select
A41: Day 28 | B41: Click to select
A44: Week 5
A45: Day 29 | B45: Click to select
A46: Day 30 | B46: Click to select
A47: Day 31 | B47: Click to select
A48: Day 32 | B48: Click to select
A49: Day 33 | B49: Click to select
A50: Day 34 | B50: Click to select
A51: Day 35 | B51: Click to select
A54: Week 6
A55: Day 36 | B55: Click to select
A56: Day 37 | B56: Click to select
A57: Day 38 | B57: Click to select
A58: Day 39 | B58: Click to select
A59: Day 40 | B59: Click to select
A60: Day 41 | B60: Click to select
A61: Day 42 | B61: Click to select
A64: Week 7
A65: Day 43 | B65: Click to select
A66: Day 44 | B66: Click to select
A67: Day 45 | B67: Click to select
A68: Day 46 | B68: Click to select
A69: Day 47 | B69: Click to select
A70: Day 48 | B70: Click to select
A71: Day 49 | B71: Click to select
A74: Week 8
A75: Day 50 | B75: Click to select
A76: Day 51 | B76: Click to select
A77: Day 52 | B77: Click to select
A78: Day 53 | B78: Click to select
A79: Day 54 | B79: Click to select
A80: Day 55 | B80: Click to select
A81: Day 56 | B81: Click to select
A84: Week 9
A85: Day 57 | B85: Click to select
A86: Day 58 | B86: Click to select
A87: Day 59 | B87: Click to select
A88: Day 60 | B88: Click to select
A89: Day 61 | B89: Click to select
A90: Day 62 | B90: Click to select
A91: Day 63 | B91: Click to select
A94: Week 10
A95: Day 64 | B95: Click to select
A96: Day 65 | B96: Click to select
A97: Day 66 | B97: Click to select
A98: Day 67 | B98: Click to select
A99: Day 68 | B99: Click to select
A100: Day 69 | B100: Click to select
A101: Day 70 | B101: Click to select
A104: Week 11
A105: Day 71 | B105: Click to select
A106: Day 72 | B106: Click to select
A107: Day 73 | B107: Click to select
A108: Day 74 | B108: Click to select
A109: Day 75 | B109: Click to select
A110: Day 76 | B110: Click to select
A111: Day 77 | B111: Click to select
A114: Week 12
A115: Day 78 | B115: Click to select
A116: Day 79 | B116: Click to select
A117: Day 80 | B117: Click to select
A118: Day 81 | B118: Click to select
A119: Day 82 | B119: Click to select
A120: Day 83 | B120: Click to select
A121: Day 84 | B121: Click to select
A124: Week 13
A125: Day 85 | B125: Click to select
...

Sheet READING
A1: READING RECORDS | B1: What did you do your exposure with? | C1: Exposure (minutes) | D1: Total of hours
D2: =SUM(C4:C521)/60 -> 0
A4: Week 1
A5: Day 1 | B5: Click to select
A6: Day 2 | B6: Click to select
A7: Day 3 | B7: Click to select
A8: Day 4 | B8: Click to select
A9: Day 5 | B9: Click to select
A10: Day 6 | B10: Click to select
A11: Day 7 | B11: Click to select
A14: Week 2
A15: Day 8 | B15: Click to select
A16: Day 9 | B16: Click to select
A17: Day 10 | B17: Click to select
A18: Day 11 | B18: Click to select
A19: Day 12 | B19: Click to select
A20: Day 13 | B20: Click to select
A21: Day 14 | B21: Click to select
A24: Week 3
A25: Day 15 | B25: Click to select
A26: Day 16 | B26: Click to select
A27: Day 17 | B27: Click to select
A28: Day 18 | B28: Click to select
A29: Day 19 | B29: Click to select
A30: Day 20 | B30: Click to select
A31: Day 21 | B31: Click to select
A34: Week 4
A35: Day 22 | B35: Click to select
A36: Day 23 | B36: Click to select
A37: Day 24 | B37: Click to select
A38: Day 25 | B38: Click to select
A39: Day 26 | B39: Click to select
A40: Day 27 | B40: Click to select
A41: Day 28 | B41: Click to select
A44: Week 5
A45: Day 29 | B45: Click to select
A46: Day 30 | B46: Click to select
A47: Day 31 | B47: Click to select
A48: Day 32 | B48: Click to select
A49: Day 33 | B49: Click to select
A50: Day 34 | B50: Click to select
A51: Day 35 | B51: Click to select
A54: Week 6
A55: Day 36 | B55: Click to select
A56: Day 37 | B56: Click to select
A57: Day 38 | B57: Click to select
A58: Day 39 | B58: Click to select
A59: Day 40 | B59: Click to select
A60: Day 41 | B60: Click to select
A61: Day 42 | B61: Click to select
A64: Week 7
A65: Day 43 | B65: Click to select
A66: Day 44 | B66: Click to select
A67: Day 45 | B67: Click to select
A68: Day 46 | B68: Click to select
A69: Day 47 | B69: Click to select
A70: Day 48 | B70: Click to select
A71: Day 49 | B71: Click to select
A74: Week 8
A75: Day 50 | B75: Click to select
A76: Day 51 | B76: Click to select
A77: Day 52 | B77: Click to select
A78: Day 53 | B78: Click to select
A79: Day 54 | B79: Click to select
A80: Day 55 | B80: Click to select
A81: Day 56 | B81: Click to select
A84: Week 9
A85: Day 57 | B85: Click to select
A86: Day 58 | B86: Click to select
A87: Day 59 | B87: Click to select
A88: Day 60 | B88: Click to select
A89: Day 61 | B89: Click to select
A90: Day 62 | B90: Click to select
A91: Day 63 | B91: Click to select
A94: Week 10
A95: Day 64 | B95: Click to select
A96: Day 65 | B96: Click to select
A97: Day 66 | B97: Click to select
A98: Day 67 | B98: Click to select
A99: Day 68 | B99: Click to select
A100: Day 69 | B100: Click to select
A101: Day 70 | B101: Click to select
A104: Week 11
A105: Day 71 | B105: Click to select
A106: Day 72 | B106: Click to select
A107: Day 73 | B107: Click to select
A108: Day 74 | B108: Click to select
A109: Day 75 | B109: Click to select
A110: Day 76 | B110: Click to select
A111: Day 77 | B111: Click to select
A114: Week 12
A115: Day 78 | B115: Click to select
A116: Day 79 | B116: Click to select
A117: Day 80 | B117: Click to select
A118: Day 81 | B118: Click to select
A119: Day 82 | B119: Click to select
A120: Day 83 | B120: Click to select
A121: Day 84 | B121: Click to select
A124: Week 13
A125: Day 85 | B125: Click to select
...

Sheet WRITING
A1: WRITING RECORDS | B1: What did you do? | C1: Exposure (minutes) | D1: Total of hours
D2: =SUM(C4:C521)/60 -> 0
A4: Week 1
A5: Day 1 | B5: Click to select
A6: Day 2 | B6: Click to select
A7: Day 3 | B7: Click to select
A8: Day 4 | B8: Click to select
A9: Day 5 | B9: Click to select
A10: Day 6 | B10: Click to select
A11: Day 7 | B11: Click to select
A14: Week 2
A15: Day 8 | B15: Click to select
A16: Day 9 | B16: Click to select
A17: Day 10 | B17: Click to select
A18: Day 11 | B18: Click to select
A19: Day 12 | B19: Click to select
A20: Day 13 | B20: Click to select
A21: Day 14 | B21: Click to select
A24: Week 3
A25: Day 15 | B25: Click to select
A26: Day 16 | B26: Click to select
A27: Day 17 | B27: Click to select
A28: Day 18 | B28: Click to select
A29: Day 19 | B29: Click to select
A30: Day 20 | B30: Click to select
A31: Day 21 | B31: Click to select
A34: Week 4
A35: Day 22 | B35: Click to select
A36: Day 23 | B36: Click to select
A37: Day 24 | B37: Click to select
A38: Day 25 | B38: Click to select
A39: Day 26 | B39: Click to select
A40: Day 27 | B40: Click to select
A41: Day 28 | B41: Click to select
A44: Week 5
A45: Day 29 | B45: Click to select
A46: Day 30 | B46: Click to select
A47: Day 31 | B47: Click to select
A48: Day 32 | B48: Click to select
A49: Day 33 | B49: Click to select
A50: Day 34 | B50: Click to select
A51: Day 35 | B51: Click to select
A54: Week 6
A55: Day 36 | B55: Click to select
A56: Day 37 | B56: Click to select
A57: Day 38 | B57: Click to select
A58: Day 39 | B58: Click to select
A59: Day 40 | B59: Click to select
A60: Day 41 | B60: Click to select
A61: Day 42 | B61: Click to select
A64: Week 7
A65: Day 43 | B65: Click to select
A66: Day 44 | B66: Click to select
A67: Day 45 | B67: Click to select
A68: Day 46 | B68: Click to select
A69: Day 47 | B69: Click to select
A70: Day 48 | B70: Click to select
A71: Day 49 | B71: Click to select
A74: Week 8
A75: Day 50 | B75: Click to select
A76: Day 51 | B76: Click to select
A77: Day 52 | B77: Click to select
A78: Day 53 | B78: Click to select
A79: Day 54 | B79: Click to select
A80: Day 55 | B80: Click to select
A81: Day 56 | B81: Click to select
A84: Week 9
A85: Day 57 | B85: Click to select
A86: Day 58 | B86: Click to select
A87: Day 59 | B87: Click to select
A88: Day 60 | B88: Click to select
A89: Day 61 | B89: Click to select
A90: Day 62 | B90: Click to select
A91: Day 63 | B91: Click to select
A94: Week 10
A95: Day 64 | B95: Click to select
A96: Day 65 | B96: Click to select
A97: Day 66 | B97: Click to select
A98: Day 67 | B98: Click to select
A99: Day 68 | B99: Click to select
A100: Day 69 | B100: Click to select
A101: Day 70 | B101: Click to select
A104: Week 11
A105: Day 71 | B105: Click to select
A106: Day 72 | B106: Click to select
A107: Day 73 | B107: Click to select
A108: Day 74 | B108: Click to select
A109: Day 75 | B109: Click to select
A110: Day 76 | B110: Click to select
A111: Day 77 | B111: Click to select
A114: Week 12
A115: Day 78 | B115: Click to select
A116: Day 79 | B116: Click to select
A117: Day 80 | B117: Click to select
A118: Day 81 | B118: Click to select
A119: Day 82 | B119: Click to select
A120: Day 83 | B120: Click to select
A121: Day 84 | B121: Click to select
A124: Week 13
A125: Day 85 | B125: Click to select
...

Sheet SPEAKING
A1: SPEAKING RECORDS | B1: Whom did you do your training with? | C1: Exposure (minutes) | D1: Total of hours
D2: =SUM(C4:C521)/60 -> 0
A4: Week 1
A5: Day 1 | B5: Click to select
A6: Day 2 | B6: Click to select
A7: Day 3 | B7: Click to select
A8: Day 4 | B8: Click to select
A9: Day 5 | B9: Click to select
A10: Day 6 | B10: Click to select
A11: Day 7 | B11: Click to select
A14: Week 2
A15: Day 8 | B15: Click to select
A16: Day 9 | B16: Click to select
A17: Day 10 | B17: Click to select
A18: Day 11 | B18: Click to select
A19: Day 12 | B19: Click to select
A20: Day 13 | B20: Click to select
A21: Day 14 | B21: Click to select
A24: Week 3
A25: Day 15 | B25: Click to select
A26: Day 16 | B26: Click to select
A27: Day 17 | B27: Click to select
A28: Day 18 | B28: Click to select
A29: Day 19 | B29: Click to select
A30: Day 20 | B30: Click to select
A31: Day 21 | B31: Click to select
A34: Week 4
A35: Day 22 | B35: Click to select
A36: Day 23 | B36: Click to select
A37: Day 24 | B37: Click to select
A38: Day 25 | B38: Click to select
A39: Day 26 | B39: Click to select
A40: Day 27 | B40: Click to select
A41: Day 28 | B41: Click to select
A44: Week 5
A45: Day 29 | B45: Click to select
A46: Day 30 | B46: Click to select
A47: Day 31 | B47: Click to select
A48: Day 32 | B48: Click to select
A49: Day 33 | B49: Click to select
A50: Day 34 | B50: Click to select
A51: Day 35 | B51: Click to select
A54: Week 6
A55: Day 36 | B55: Click to select
A56: Day 37 | B56: Click to select
A57: Day 38 | B57: Click to select
A58: Day 39 | B58: Click to select
A59: Day 40 | B59: Click to select
A60: Day 41 | B60: Click to select
A61: Day 42 | B61: Click to select
A64: Week 7
A65: Day 43 | B65: Click to select
A66: Day 44 | B66: Click to select
A67: Day 45 | B67: Click to select
A68: Day 46 | B68: Click to select
A69: Day 47 | B69: Click to select
A70: Day 48 | B70: Click to select
A71: Day 49 | B71: Click to select
A74: Week 8
A75: Day 50 | B75: Click to select
A76: Day 51 | B76: Click to select
A77: Day 52 | B77: Click to select
A78: Day 53 | B78: Click to select
A79: Day 54 | B79: Click to select
A80: Day 55 | B80: Click to select
A81: Day 56 | B81: Click to select
A84: Week 9
A85: Day 57 | B85: Click to select
A86: Day 58 | B86: Click to select
A87: Day 59 | B87: Click to select
A88: Day 60 | B88: Click to select
A89: Day 61 | B89: Click to select
A90: Day 62 | B90: Click to select
A91: Day 63 | B91: Click to select
A94: Week 10
A95: Day 64 | B95: Click to select
A96: Day 65 | B96: Click to select
A97: Day 66 | B97: Click to select
A98: Day 67 | B98: Click to select
A99: Day 68 | B99: Click to select
A100: Day 69 | B100: Click to select
A101: Day 70 | B101: Click to select
A104: Week 11
A105: Day 71 | B105: Click to select
A106: Day 72 | B106: Click to select
A107: Day 73 | B107: Click to select
A108: Day 74 | B108: Click to select
A109: Day 75 | B109: Click to select
A110: Day 76 | B110: Click to select
A111: Day 77 | B111: Click to select
A114: Week 12
A115: Day 78 | B115: Click to select
A116: Day 79 | B116: Click to select
A117: Day 80 | B117: Click to select
A118: Day 81 | B118: Click to select
A119: Day 82 | B119: Click to select
A120: Day 83 | B120: Click to select
A121: Day 84 | B121: Click to select
A124: Week 13
A125: Day 85 | B125: Click to select
...

Sheet MOCK TESTS
A1: PHASE 03 FINAL SPRINT | B1: Mock tests done: | C1: =D562 -> 0 | D1: Positive Mock Tests: | E1: =D565 -> 0 | F1: Percentage of Positive Mock Tests: | G1: =D568 -> #DIV/0!
A5: 90 days to the test | B5: Took Mock Test? | C5: Listening Score | D5: Reading Score | E5: Writing Score | F5: Speaking Score | G5: Reached target score?
A6: Week 12 | B6: write 1 if you did | C6: Click to select | D6: Click to select | E6: Click to select | F6: Click to select | G6: Click to select
A7: Week 11 | B7: write 1 if you did | C7: Click to select | D7: Click to select | E7: Click to select | F7: Click to select | G7: Click to select
A8: Week 10 | B8: write 1 if you did | C8: Click to select | D8: Click to select | E8: Click to select | F8: Click to select | G8: Click to select
A9: Week 09 | B9: write 1 if you did | C9: Click to select | D9: Click to select | E9: Click to select | F9: Click to select | G9: Click to select
A10: Week 08 | B10: write 1 if you did | C10: Click to select | D10: Click to select | E10: Click to select | F10: Click to select | G10: Click to select
A11: Week 07 | B11: write 1 if you did | C11: Click to select | D11: Click to select | E11: Click to select | F11: Click to select | G11: Click to select
A12: Week 06 | B12: write 1 if you did | C12: Click to select | D12: Click to select | E12: Click to select | F12: Click to select | G12: Click to select
A15: 45 days to the test
A16: Week 05 - Mock Test 1 | B16: write 1 if you did | C16: Click to select | D16: Click to select | E16: Click to select | F16: Click to select | G16: Click to select
A17: Week 05 - Mock Test 2 | B17: write 1 if you did | C17: Click to select | D17: Click to select | E17: Click to select | F17: Click to select | G17: Click to select
A19: Week 04 - Mock Test 1 | B19: write 1 if you did | C19: Click to select | D19: Click to select | E19: Click to select | F19: Click to select | G19: Click to select
A20: Week 04 - Mock Test 2 | B20: write 1 if you did | C20: Click to select | D20: Click to select | E20: Click to select | F20: Click to select | G20: Click to select
A23: 21 days to the test
A24: Week 03 - Mock Test 1 | B24: write 1 if you did | C24: Click to select | D24: Click to select | E24: Click to select | F24: Click to select | G24: Click to select
A25: Week 03 - Mock Test 2 | B25: write 1 if you did | C25: Click to select | D25: Click to select | E25: Click to select | F25: Click to select | G25: Click to select
A26: Week 03 - Mock Test 3 | B26: write 1 if you did | C26: Click to select | D26: Click to select | E26: Click to select | F26: Click to select | G26: Click to select
A29: 15 days to the test
A30: Week 02 - Mock Test 1 | B30: write 1 if you did | C30: Click to select | D30: Click to select | E30: Click to select | F30: Click to select | G30: Click to select
A31: Week 02 - Mock test 2 | B31: write 1 if you did | C31: Click to select | D31: Click to select | E31: Click to select | F31: Click to select | G31: Click to select
A32: Week 02 - Mock test 3 | B32: write 1 if you did | C32: Click to select | D32: Click to select | E32: Click to select | F32: Click to select | G32: Click to select
A33: Week 02 - Mock test 4 | B33: write 1 if you did | C33: Click to select | D33: Click to select | E33: Click to select | F33: Click to select | G33: Click to select
A34: Week 02 - Mock test 5 | B34: write 1 if you did | C34: Click to select | D34: Click to select | E34: Click to select | F34: Click to select | G34: Click to select
A36: Week 01 - Mock test 1 | B36: write 1 if you did | C36: Click to select | D36: Click to select | E36: Click to select | F36: Click to select | G36: Click to select
A37: Week 01 - Mock test 2 | B37: write 1 if you did | C37: Click to select | D37: Click to select | E37: Click to select | F37: Click to select | G37: Click to select
A38: Week 01 - Mock test 3 | B38: write 1 if you did | C38: Click to select | D38: Click to select | E38: Click to select | F38: Click to select | G38: Click to select
A39: Week 01 - Mock test 4 | B39: write 1 if you did | C39: Click to select | D39: Click to select | E39: Click to select | F39: Click to select | G39: Click to select
A40: Week 01 - Mock test 5 | B40: write 1 if you did | C40: Click to select | D40: Click to select | E40: Click to select | F40: Click to select | G40: Click to select
D519: =if(G6="Yes", 1) -> FALSE
D520: =if(G7="Yes", 1) -> FALSE
D521: =if(G8="Yes", 1) -> FALSE
D522: =if(G9="Yes", 1) -> FALSE
D523: =if(G10="Yes", 1) -> FALSE
D524: =if(G11="Yes", 1) -> FALSE
D525: =if(G12="Yes", 1) -> FALSE
D529: =if(G16="Yes", 1) -> FALSE
D530: =if(G17="Yes", 1) -> FALSE
D532: =if(G19="Yes", 1) -> FALSE
D533: =if(G20="Yes", 1) -> FALSE
D537: =if(G24="Yes", 1) -> FALSE
D538: =if(G25="Yes", 1) -> FALSE | F538: =sum(B6:B12) -> 0
D539: =if(G26="Yes", 1) -> FALSE
D543: =if(G30="Yes", 1) -> FALSE
D544: =if(G31="Yes", 1) -> FALSE
D545: =if(G32="Yes", 1) -> FALSE
D546: =if(G33="Yes", 1) -> FALSE
D547: =if(G34="Yes", 1) -> FALSE
F548: =sum(B16:B20) -> 0
D549: =if(G36="Yes", 1) -> FALSE
D550: =if(G37="Yes", 1) -> FALSE
D551: =if(G38="Yes", 1) -> FALSE
D552: =if(G39="Yes", 1) -> FALSE
D553: =if(G40="Yes", 1) -> FALSE
F556: =sum(B24:B26) -> 0
D561: Number of mock tests
D562: =SUM(B6:B12, B16:B20, B24:B26, B30:B40) -> 0 | F562: =sum(B30:B40) -> 0
D564: Positive Mock Tests
D565: =SUM(D519:D553) -> 0
D567: Positive mock tests percentage
D568: =D565/D562 -> #DIV/0!
